Datetime,Water Level (m)
2025-04-19 12:00:00,0.24510886
2025-04-19 13:00:00,-0.19880962
2025-04-19 14:00:00,-0.6459461
2025-04-19 15:00:00,-0.99481577
2025-04-19 16:00:00,-1.1289368
2025-04-19 17:00:00,-0.94573396
2025-04-19 18:00:00,-0.559758
2025-04-19 19:00:00,-0.09940409
2025-04-19 20:00:00,0.28181577
2025-04-19 21:00:00,0.5486545
2025-04-19 22:00:00,0.58867395
2025-04-19 23:00:00,0.3532408
2025-04-20 00:00:00,0.02245464
2025-04-20 01:00:00,-0.36517647
2025-04-20 02:00:00,-0.7241743
2025-04-20 03:00:00,-0.99646544
2025-04-20 04:00:00,-1.0490918
2025-04-20 05:00:00,-0.85684633
2025-04-20 06:00:00,-0.45849153
2025-04-20 07:00:00,0.045536324
2025-04-20 08:00:00,0.5009235
2025-04-20 09:00:00,0.8793524
2025-04-20 10:00:00,1.0306225
2025-04-20 11:00:00,0.92778975
2025-04-20 12:00:00,0.665605
2025-04-20 13:00:00,0.27294302
2025-04-20 14:00:00,-0.14955616
2025-04-20 15:00:00,-0.56462836
2025-04-20 16:00:00,-0.89120424
2025-04-20 17:00:00,-1.0598316
2025-04-20 18:00:00,-0.96504885
2025-04-20 19:00:00,-0.66676986
2025-04-20 20:00:00,-0.2929475
2025-04-20 21:00:00,0.04535085
2025-04-20 22:00:00,0.33374032
2025-04-20 23:00:00,0.4780896
2025-04-21 00:00:00,0.38072997
2025-04-21 01:00:00,0.16744338
2025-04-21 02:00:00,-0.12336487
2025-04-21 03:00:00,-0.4425372
2025-04-21 04:00:00,-0.7361263
2025-04-21 05:00:00,-0.9064973
2025-04-21 06:00:00,-0.845451
2025-04-21 07:00:00,-0.57851744
2025-04-21 08:00:00,-0.17311607
2025-04-21 09:00:00,0.26161668
2025-04-21 10:00:00,0.65623295
2025-04-21 11:00:00,0.9042942
2025-04-21 12:00:00,0.919258
2025-04-21 13:00:00,0.7444626
2025-04-21 14:00:00,0.44694027
2025-04-21 15:00:00,0.050379783
2025-04-21 16:00:00,-0.40213102
2025-04-21 17:00:00,-0.81691325
2025-04-21 18:00:00,-1.0966128
2025-04-21 19:00:00,-1.1178923
2025-04-21 20:00:00,-0.87672603
2025-04-21 21:00:00,-0.48819304
2025-04-21 22:00:00,-0.05018397
2025-04-21 23:00:00,0.29629633
2025-04-22 00:00:00,0.5277848
2025-04-22 01:00:00,0.5316637
2025-04-22 02:00:00,0.39300472
2025-04-22 03:00:00,0.17545606
2025-04-22 04:00:00,-0.15412001
2025-04-22 05:00:00,-0.52356315
2025-04-22 06:00:00,-0.8381806
2025-04-22 07:00:00,-0.95971894
2025-04-22 08:00:00,-0.8059645
2025-04-22 09:00:00,-0.4452586
2025-04-22 10:00:00,0.020725453
2025-04-22 11:00:00,0.5098631
2025-04-22 12:00:00,0.90591437
2025-04-22 13:00:00,1.0422722
2025-04-22 14:00:00,0.90661347
2025-04-22 15:00:00,0.6310048
2025-04-22 16:00:00,0.20646465
2025-04-22 17:00:00,-0.3100702
2025-04-22 18:00:00,-0.84005886
2025-04-22 19:00:00,-1.2466377
2025-04-22 20:00:00,-1.3612616
2025-04-22 21:00:00,-1.1121069
2025-04-22 22:00:00,-0.6476724
2025-04-22 23:00:00,-0.032138497
2025-04-23 00:00:00,0.46955782
2025-04-23 01:00:00,0.837003
2025-04-23 02:00:00,0.93231636
2025-04-23 03:00:00,0.76196665
2025-04-23 04:00:00,0.47464338
2025-04-23 05:00:00,0.043154694
2025-04-23 06:00:00,-0.44049022
2025-04-23 07:00:00,-0.89769536
2025-04-23 08:00:00,-1.1400907
2025-04-23 09:00:00,-1.0171968
2025-04-23 10:00:00,-0.6214673
2025-04-23 11:00:00,-0.038398936
2025-04-23 12:00:00,0.5969775
2025-04-23 13:00:00,1.1104696
2025-04-23 14:00:00,1.3362805
2025-04-23 15:00:00,1.1931165
2025-04-23 16:00:00,0.85128367
2025-04-23 17:00:00,0.33191493
2025-04-23 18:00:00,-0.31894255
2025-04-23 19:00:00,-0.9586625
2025-04-23 20:00:00,-1.4448075
2025-04-23 21:00:00,-1.5543594
2025-04-23 22:00:00,-1.1526654
2025-04-23 23:00:00,-0.55790097
2025-04-24 00:00:00,0.17697485
2025-04-24 01:00:00,0.8023123
2025-04-24 02:00:00,1.2381951
2025-04-24 03:00:00,1.3400933
2025-04-24 04:00:00,1.0993001
2025-04-24 05:00:00,0.70461756
2025-04-24 06:00:00,0.10484733
2025-04-24 07:00:00,-0.5504539
2025-04-24 08:00:00,-1.1420735
2025-04-24 09:00:00,-1.471211
2025-04-24 10:00:00,-1.3140972
2025-04-24 11:00:00,-0.70864385
2025-04-24 12:00:00,0.08429515
2025-04-24 13:00:00,0.8255377
2025-04-24 14:00:00,1.3510308
2025-04-24 15:00:00,1.5582879
2025-04-24 16:00:00,1.3159817
2025-04-24 17:00:00,0.84677243
2025-04-24 18:00:00,0.19574702
2025-04-24 19:00:00,-0.54144585
2025-04-24 20:00:00,-1.2445227
2025-04-24 21:00:00,-1.7459265
2025-04-24 22:00:00,-1.8129212
2025-04-24 23:00:00,-1.2362214
2025-04-25 00:00:00,-0.42949292
2025-04-25 01:00:00,0.46537268
2025-04-25 02:00:00,1.1844975
2025-04-25 03:00:00,1.6567454
2025-04-25 04:00:00,1.6755657
2025-04-25 05:00:00,1.2947855
2025-04-25 06:00:00,0.719987
2025-04-25 07:00:00,-0.038673595
2025-04-25 08:00:00,-0.80685556
2025-04-25 09:00:00,-1.4694653
2025-04-25 10:00:00,-1.8124105
2025-04-25 11:00:00,-1.4737605
2025-04-25 12:00:00,-0.6417802
